{
    "avg_mov_num": 33.05566912707,
    "sd_mov_num": 3.3623024443230087,
    "min_opening": "King's Pawn",
    "min_opening_samples": 24647,
    "min_mov_num": 7.2276950541648075,
    "max_opening": "Marienbad System",
    "max_opening_samples": 83,
    "max_mov_num": 38.674698795180724
}