{
    "min_ci": [
        21.090810362948222,
        21.959302325581394
    ],
    "max_ci": [
        35.46503178928247,
        36.87284287011808
    ],
    "min_pvalue": 0.872,
    "max_pvalue": 0.868
}