{"min_ci": [21.279305571590058, 22.09750505731625], "max_ci": [37.74771405805236, 39.1269928279367], "min_pvalue": 0.5069696506751736, "max_pvalue": 0.49000280163447474}