{
    "min_ci": [
        7.058129873389914,
        7.399189517754362
    ],
    "max_ci": [
        35.3855421686747,
        42.18072289156626
    ],
    "min_pvalue": 0.0,
    "max_pvalue": 0.071
}