{
    "Russian Game": 29.547492508622152,
    "King's Gambit Accepted": 28.842241298286286,
    "Scandinavian Defense": 31.605977282894226,
    "Queen's Pawn Game": 32.9723319969397,
    "Sicilian Defense": 32.34024794378607,
    "Philidor Defense": 32.85983743563811,
    "Caro-Kann Defense": 33.18068057471546,
    "Gr\u00c3\u00bcnfeld Defense": 33.84877358490566,
    "Anderssen Opening": 32.81931676313699,
    "French Defense": 32.43242984366883,
    "Nimzo-Indian Defense": 33.15474454244508,
    "Van't Kruijs Opening": 31.603800967519003,
    "R\u00c3\u00a9ti Opening": 32.672949130565655,
    "Nimzo-Larsen Attack": 32.37640909065951,
    "Semi-Slav Defense": 33.97538753298153,
    "Owen Defense": 31.690384541112557,
    "Italian Game": 30.070520558470577,
    "Queen's Pawn": 33.11266861802591,
    "Pterodactyl Defense": 32.4544219996605,
    "Torre Attack": 33.97964264792033,
    "Slav Defense": 33.46636279966692,
    "Queen's Gambit Declined": 33.12165922323287,
    "Mieses Opening": 32.55288491321101,
    "Modern Defense": 32.82400699997908,
    "English Opening": 33.385499843997366,
    "Benko Gambit Accepted": 35.153504063793896,
    "Robatsch (Modern) Defense": 33.48291902892862,
    "Ruy Lopez": 32.4142359029777,
    "King's Indian Defense": 34.54146260977823,
    "Old Benoni Defense": 32.02800966031396,
    "Bird Opening": 32.34469582786799,
    "Amar Opening": 30.674006908462868,
    "Bishop's Opening": 30.293322941023643,
    "Canard Opening": 34.13859852884243,
    "Horwitz Defense": 32.808482716410175,
    "Dutch Defense": 32.49534207084323,
    "Old Indian": 35.31271160357033,
    "Colle System": 33.790941922169814,
    "Englund Gambit Declined": 30.617321356750235,
    "Nimzowitsch Defense": 30.931892821769274,
    "Pirc Defense": 32.92513344586888,
    "Saragossa Opening": 32.70350535540409,
    "Alekhine Defense": 31.68873547687912,
    "King's Pawn Game": 30.21024853930063,
    "Giuoco Piano": 30.890878035069512,
    "Four Knights Game": 30.974334262066225,
    "King's Gambit Declined": 28.538795555387008,
    "Queen's Gambit Accepted": 30.90268163872225,
    "King's Knight Opening": 30.284851811196486,
    "Goldsmith Defense": 29.738107549120993,
    "Old Indian Defense": 33.563974082073436,
    "Center Game": 29.897190634801944,
    "Queen's Gambit Refused": 30.95889460702936,
    "Petrov's Defense": 30.871604459942315,
    "Slav Indian": 33.590719499478624,
    "English Defense": 32.60773702422145,
    "Indian Game": 33.23218159032118,
    "Barnes Defense": 28.549899531145346,
    "Queen's Indian Defense": 35.293623331685616,
    "Danish Gambit Accepted": 27.696186440677966,
    "Three Knights Opening": 31.25367382374116,
    "Hungarian Opening": 33.101358078776535,
    "Danish Gambit": 29.405456082944227,
    "Zukertort Opening": 32.01005511996939,
    "Scotch Game": 30.667561941851876,
    "Neo-Gr\u00c3\u00bcnfeld Defense": 35.16025116025116,
    "Vienna Game": 30.736662584553173,
    "Trompowsky Attack": 33.159039865244246,
    "Gedult's Opening": 30.242094167252283,
    "Budapest Defense": 31.14102239655827,
    "Englund Gambit Complex Declined": 30.51888888888889,
    "Borg Defense": 28.11754021795537,
    "Blackmar-Diemer Gambit": 28.436691024266153,
    "Rat Defense": 33.463299067106064,
    "Benoni Defense": 32.664341118862936,
    "King's Indian Attack": 34.48251926708518,
    "King's Gambit": 29.153610955600534,
    "Van Geet Opening": 31.249033859954746,
    "King's Pawn Opening": 31.19173694886303,
    "Polish Opening": 32.17684941385614,
    "Ware Defense": 29.817607061911012,
    "Clemenz Opening": 31.150226472068447,
    "Mikenas Defense": 30.734308892597912,
    "Richter-Veresov Attack": 32.616683341670836,
    "Englund Gambit Complex": 28.724711347493855,
    "Grob Opening": 30.28087024087024,
    "East Indian Defense": 34.63764653177033,
    "Tarrasch Defense": 32.24560713349069,
    "Nimzowitsch-Larsen Attack": 33.38906695156695,
    "Englund Gambit": 28.31579587172692,
    "Blumenfeld Countergambit": 33.05853440571939,
    "Paleface Attack": 32.77397831526272,
    "St. George Defense": 32.959074392809335,
    "Elephant Gambit": 29.195455566790248,
    "Ware Opening": 32.17779544250133,
    "Carr Defense": 30.824824824824823,
    "Petrov": 28.752475247524753,
    "Franco-Benoni Defense": 32.48402555910543,
    "Ponziani Opening": 31.922560134365064,
    "Kangaroo Defense": 33.25552711193856,
    "Amazon Attack": 29.21912780656304,
    "London System": 35.03195240193918,
    "Blackmar-Diemer Gambit Declined": 30.240816326530613,
    "Guatemala Defense": 33.43815635939323,
    "Latvian Gambit Accepted": 28.74251817015819,
    "Czech Defense": 33.63408430232558,
    "Duras Gambit": 28.494327390599675,
    "Latvian Gambit": 27.64272760246645,
    "Yusupov-Rubinstein System": 34.27301413088215,
    "King's Pawn": 21.521102497846684,
    "Mexican Defense": 31.106153846153845,
    "Polish Defense": 31.287009622501852,
    "Gunderam Defense": 32.180729984301415,
    "Portuguese Opening": 30.584955089820358,
    "Bogo-Indian Defense": 35.26168391009632,
    "Danish Gambit Declined": 31.20234222511386,
    "Queen's Gambit": 29.97612095933264,
    "Barnes Opening": 27.5471562275018,
    "Benko Gambit Declined": 34.6639405204461,
    "Hippopotamus Defense": 29.539049699617696,
    "Kadas Opening": 30.703487213550314,
    "Benko Gambit": 33.23741209563995,
    "Creepy Crawly Formation": 32.34151193633952,
    "King's Indian": 36.14713896457766,
    "Lasker Simul Special": 31.261248852157944,
    "Catalan Opening": 35.04146100691017,
    "Lion Defense": 33.230133333333335,
    "Semi-Benoni": 34.38937242327073,
    "Sodium Attack": 28.79904019196161,
    "Crab Opening": 29.39030023094688,
    "Lemming Defense": 27.901149425287358,
    "Wade Defense": 34.13990201415351,
    "Queen's Pawn Opening": 30.514351523742025,
    "Scotch Gambit": 27.341815097540287,
    "Queen's Indian Accelerated": 33.86562998405104,
    "System": 34.36305732484077,
    "Rubinstein Opening": 34.327362569487335,
    "Center Game Accepted": 26.369007803790414,
    "Australian Defense": 29.24795081967213,
    "Robatsch Defense": 34.3184421534937,
    "Montevideo Defense": 33.252631578947366,
    "Tayler Opening": 31.08450704225352,
    "Valencia Opening": 32.02879213483146,
    "Irish Gambit": 21.807359307359306,
    "Semi-Slav Defense Accepted": 32.525205158264946,
    "Four Knights": 25.71604938271605,
    "English Orangutan": 34.81570996978852,
    "Blackmar-Diemer": 27.97269624573379,
    "Zukertort Defense": 29.17258883248731,
    "Blumenfeld Countergambit Accepted": 29.477777777777778,
    "Vulture Defense": 34.62256809338521,
    "Doery Defense": 29.05015673981191,
    "Global Opening": 30.883273164861613,
    "Bronstein Gambit": 30.537254901960786,
    "Zaire Defense": 30.69811320754717,
    "Borg Opening": 30.506172839506174,
    "Formation": 30.0,
    "Boden-Kieseritzky Gambit": 27.444444444444443,
    "Ruy Lopez Defense": 23.598130841121495,
    "Marienbad System": 35.46938775510204,
    "Venezolana Opening": 28.84,
    "Amsterdam Attack": 33.34615384615385,
    "English Rat": 30.795454545454547,
    "Dresden Opening": 36.285714285714285,
    "Veresov Opening": 27.833333333333332,
    "Spanish Opening": 36.25,
    "Norwegian Defense": 31.5,
    "Amar Gambit": 28.5,
    "Queen's Indian": 28.0
}