{
    "Van't Kruijs Opening": 33.27082139590056,
    "Russian Game": 30.846728020041873,
    "King's Gambit Accepted": 30.447720753216508,
    "Indian Game": 35.14313956512278,
    "Scandinavian Defense": 33.39428555200196,
    "Four Knights Game": 32.08250683010617,
    "Anderssen Opening": 34.54329978813559,
    "Queen's Pawn Game": 34.3452661171665,
    "Sicilian Defense": 34.06044181438513,
    "Philidor Defense": 34.0196522808365,
    "Caro-Kann Defense": 35.066949197296154,
    "Zukertort Opening": 34.200932241821846,
    "Gr\u00c3\u00bcnfeld Defense": 35.81436050860135,
    "French Defense": 34.05809188584503,
    "English Opening": 35.098406950281564,
    "Slav Defense": 35.47102301009332,
    "Nimzo-Indian Defense": 35.090489234297365,
    "R\u00c3\u00a9ti Opening": 33.95372075047432,
    "Nimzo-Larsen Attack": 34.75242577708142,
    "Semi-Slav Defense": 36.03693733570609,
    "Owen Defense": 33.65750342756946,
    "Italian Game": 31.561169297266233,
    "Queen's Pawn": 33.8165391717225,
    "Pterodactyl Defense": 35.24494745351657,
    "Torre Attack": 36.24025112532575,
    "Queen's Gambit Declined": 34.91922147008295,
    "Mieses Opening": 34.86669420583912,
    "Modern Defense": 34.882126400503346,
    "Hungarian Opening": 35.240043234724084,
    "Benko Gambit Accepted": 36.928056004308026,
    "Queen's Pawn Opening": 31.906402185532723,
    "Scotch Game": 32.13010230562508,
    "Robatsch (Modern) Defense": 35.13707836938087,
    "King's Pawn": 7.2276950541648075,
    "Center Game": 31.017520951216312,
    "Ruy Lopez": 33.70015290328241,
    "King's Indian Defense": 36.517516458990194,
    "Old Benoni Defense": 34.97901607906771,
    "Bird Opening": 34.28598283612587,
    "Amar Opening": 32.720850404163436,
    "Bishop's Opening": 31.5982589973792,
    "Giuoco Piano": 32.412125198530475,
    "Nimzowitsch Defense": 32.350490346173025,
    "Canard Opening": 35.91647974666843,
    "Horwitz Defense": 34.642670053178826,
    "King's Pawn Game": 31.15706055879466,
    "Dutch Defense": 34.50191298790068,
    "Old Indian": 37.390152928011936,
    "Colle System": 36.037120911446785,
    "Ware Opening": 33.504189944134076,
    "Englund Gambit Declined": 32.372617991619,
    "Slav Indian": 35.42027972027972,
    "Pirc Defense": 34.75045370329386,
    "Blackmar-Diemer Gambit Declined": 32.84583083383323,
    "Saragossa Opening": 34.74099281256199,
    "Alekhine Defense": 33.559700068521074,
    "Old Indian Defense": 35.55080015543859,
    "Queen's Gambit Accepted": 32.30388229396154,
    "King's Gambit Declined": 30.31532579569963,
    "King's Knight Opening": 30.56702751227755,
    "Benoni Defense": 34.82734415249871,
    "Goldsmith Defense": 31.661874111844856,
    "Three Knights Opening": 32.428051458423155,
    "Polish Opening": 33.98636211602991,
    "Queen's Gambit Refused": 32.71575881455273,
    "Petrov's Defense": 31.742840225622487,
    "English Defense": 34.77426956101613,
    "Blackmar-Diemer Gambit": 30.590355701071235,
    "Barnes Defense": 30.927350427350426,
    "Queen's Indian Defense": 37.321398834304745,
    "Danish Gambit Accepted": 29.33590314349313,
    "Danish Gambit": 31.35416063008719,
    "King's Indian Attack": 36.730826183086876,
    "Neo-Gr\u00c3\u00bcnfeld Defense": 37.76067701482066,
    "Vienna Game": 32.289104337736525,
    "St. George Defense": 34.374217378775576,
    "Budapest Defense": 33.222622576966934,
    "Trompowsky Attack": 35.261403009160375,
    "King's Gambit": 30.828784726471667,
    "Gedult's Opening": 32.828987008096405,
    "Englund Gambit Complex Declined": 32.196086198700684,
    "Ponziani Opening": 33.04597626892349,
    "Borg Defense": 30.1202778983934,
    "Latvian Gambit Accepted": 30.635983876877976,
    "Rat Defense": 34.94187444627262,
    "Van Geet Opening": 33.09191192990339,
    "King's Pawn Opening": 32.20010833397818,
    "Ware Defense": 31.358406374501993,
    "Clemenz Opening": 32.30612087573235,
    "Mikenas Defense": 32.078130776624846,
    "Richter-Veresov Attack": 34.009888415132,
    "Englund Gambit Complex": 31.172347860486582,
    "East Indian Defense": 36.70293860925226,
    "Grob Opening": 32.09670877274308,
    "Tarrasch Defense": 34.05964666783278,
    "Nimzowitsch-Larsen Attack": 35.42185949045991,
    "Englund Gambit": 30.786951948627102,
    "Blumenfeld Countergambit": 35.13545634618315,
    "Paleface Attack": 33.68256738413807,
    "Elephant Gambit": 30.576126627991854,
    "Catalan Opening": 37.32169196074846,
    "Wade Defense": 36.067702936096715,
    "London System": 36.977975289349025,
    "Mexican Defense": 32.749575551782684,
    "Kadas Opening": 31.905407469640267,
    "Carr Defense": 32.51561010486177,
    "Danish Gambit Declined": 33.69188354653728,
    "Center Game Accepted": 27.486851211072665,
    "Petrov": 30.225530532698137,
    "Franco-Benoni Defense": 34.146244850533435,
    "Kangaroo Defense": 34.49591934709554,
    "Amazon Attack": 30.01539138082674,
    "Guatemala Defense": 36.06334519572954,
    "Latvian Gambit": 29.710714285714285,
    "Czech Defense": 35.81961682130377,
    "Duras Gambit": 30.681952865022566,
    "Lasker Simul Special": 34.74616368286445,
    "Queen's Gambit": 30.99754365000332,
    "King's Indian": 38.434756820877816,
    "Yusupov-Rubinstein System": 36.647654255787344,
    "Lion Defense": 35.22987081932401,
    "Polish Defense": 33.08122981217849,
    "Gunderam Defense": 33.086754126110876,
    "Portuguese Opening": 31.019104876419505,
    "Bogo-Indian Defense": 37.30040120361083,
    "Valencia Opening": 34.412251033446076,
    "Barnes Opening": 28.908902691511386,
    "Benko Gambit": 35.118216682646214,
    "Semi-Benoni": 36.02,
    "Benko Gambit Declined": 36.03463855421687,
    "Hippopotamus Defense": 31.661807580174926,
    "Crab Opening": 30.064672594987872,
    "Creepy Crawly Formation": 33.05104712041885,
    "Lemming Defense": 28.499609069585613,
    "Irish Gambit": 23.39946737683089,
    "Scotch Gambit": 29.639447236180903,
    "Sodium Attack": 30.01630218687873,
    "Queen's Indian Accelerated": 35.59596796465065,
    "System": 35.090825688073394,
    "Rubinstein Opening": 35.778833693304534,
    "Zaire Defense": 32.23376623376623,
    "Australian Defense": 30.078189300411523,
    "Robatsch Defense": 35.466613672496024,
    "Montevideo Defense": 34.69986541049798,
    "Zukertort Defense": 30.9,
    "Tayler Opening": 31.87,
    "Bronstein Gambit": 34.437636761487965,
    "Semi-Slav Defense Accepted": 34.90366642703091,
    "Four Knights": 28.045454545454547,
    "English Orangutan": 35.136178861788615,
    "Blackmar-Diemer": 28.840476190476192,
    "Blumenfeld Countergambit Accepted": 32.4031007751938,
    "Vulture Defense": 37.88914027149321,
    "Doery Defense": 30.505102040816325,
    "Global Opening": 32.29482370592648,
    "Dresden Opening": 33.18181818181818,
    "Borg Opening": 32.213592233009706,
    "Formation": 32.857142857142854,
    "Boden-Kieseritzky Gambit": 29.789473684210527,
    "Norwegian Defense": 34.793103448275865,
    "Ruy Lopez Defense": 25.86842105263158,
    "Marienbad System": 38.674698795180724,
    "Venezolana Opening": 34.8125,
    "Amsterdam Attack": 32.76923076923077,
    "English Rat": 34.01282051282051,
    "Veresov Opening": 29.0,
    "Spanish Opening": 33.5,
    "Amar Gambit": 31.714285714285715,
    "Queen's Indian": 33.666666666666664,
    "English Openings": 18.0
}