{"Van't Kruijs Opening": 33.33801004022639, "Russian Game": 30.847531670971794, "King's Gambit Accepted": 30.44921360061821, "Indian Game": 35.14685934683758, "Scandinavian Defense": 33.39729238031239, "Four Knights Game": 32.08611324294363, "Anderssen Opening": 34.62094365916783, "Queen's Pawn Game": 34.348837398004555, "Sicilian Defense": 34.063426618195635, "Philidor Defense": 34.02345991865593, "Caro-Kann Defense": 35.07042086109236, "Zukertort Opening": 34.204213248653694, "Gr\u00c3\u00bcnfeld Defense": 35.81786890152649, "French Defense": 34.06136639983788, "English Opening": 35.16278418678277, "Slav Defense": 35.47423060024688, "Nimzo-Indian Defense": 35.09643420486592, "R\u00c3\u00a9ti Opening": 34.608279935205495, "Nimzo-Larsen Attack": 34.81123953150592, "Semi-Slav Defense": 36.03988578244447, "Owen Defense": 33.66035593503148, "Italian Game": 31.56374217174477, "Queen's Pawn": 35.1833850414634, "Pterodactyl Defense": 35.25116279069768, "Torre Attack": 36.24488054607509, "Queen's Gambit Declined": 34.92212013464682, "Mieses Opening": 34.944136561837716, "Modern Defense": 34.88467629805754, "Hungarian Opening": 35.29921285046293, "Benko Gambit Accepted": 36.93599827604784, "Queen's Pawn Opening": 31.913735741444867, "Scotch Game": 32.13248935654702, "Robatsch (Modern) Defense": 35.13979474290502, "Center Game": 31.018638304930132, "Ruy Lopez": 33.70377420783845, "King's Indian Defense": 36.52237096113722, "Old Benoni Defense": 34.982992946315264, "Bird Opening": 34.34920293638849, "Amar Opening": 32.81441581519325, "Bishop's Opening": 31.600958077366098, "Giuoco Piano": 32.41542288557214, "Nimzowitsch Defense": 32.352562559890785, "Canard Opening": 35.9157978091593, "Horwitz Defense": 34.646236380960275, "King's Pawn Game": 31.15957247093278, "Dutch Defense": 34.50441354077863, "Old Indian": 37.39652920320955, "Colle System": 36.040398851084696, "Ware Opening": 33.56076126504338, "Englund Gambit Declined": 32.37480112593318, "Slav Indian": 35.42122748732296, "Pirc Defense": 34.75345923088844, "Blackmar-Diemer Gambit Declined": 32.84818481848185, "Saragossa Opening": 34.79806133993823, "Alekhine Defense": 33.5630672057471, "Old Indian Defense": 35.55780413227522, "Queen's Gambit Accepted": 32.305447703518325, "King's Gambit Declined": 30.31692488723279, "King's Knight Opening": 30.570363092785684, "Benoni Defense": 34.83083762068235, "Goldsmith Defense": 31.663266159377873, "Three Knights Opening": 32.43150176536672, "Polish Opening": 34.04102214871745, "Queen's Gambit Refused": 32.71865122860161, "Petrov's Defense": 31.746570858532326, "English Defense": 34.777889890365195, "Blackmar-Diemer Gambit": 30.592458349230572, "Barnes Defense": 30.930628468576572, "Queen's Indian Defense": 37.32497182891578, "Danish Gambit Accepted": 29.335885739111546, "Danish Gambit": 31.3566534914361, "King's Indian Attack": 36.7340739613453, "Neo-Gr\u00c3\u00bcnfeld Defense": 37.76298245614035, "Vienna Game": 32.290914772283415, "St. George Defense": 34.3769946285864, "Budapest Defense": 33.225877092933075, "Trompowsky Attack": 35.26475475998291, "King's Gambit": 30.830479163797193, "Gedult's Opening": 32.88437234744884, "Englund Gambit Complex Declined": 32.19789190045966, "Ponziani Opening": 33.04721695674651, "Borg Defense": 30.124294276035787, "Latvian Gambit Accepted": 30.636030489592496, "Rat Defense": 34.94346330759168, "Van Geet Opening": 33.17600144189609, "King's Pawn Opening": 32.2031116959517, "Ware Defense": 31.361491871214536, "Clemenz Opening": 32.352250791444675, "Mikenas Defense": 32.08049405847838, "Richter-Veresov Attack": 34.01361532177544, "Englund Gambit Complex": 31.17419595946273, "East Indian Defense": 36.70908738052496, "Grob Opening": 32.17034297112536, "Tarrasch Defense": 34.06307685578059, "Nimzowitsch-Larsen Attack": 35.4219353414984, "Englund Gambit": 30.78864309643124, "Blumenfeld Countergambit": 35.13427831123305, "Paleface Attack": 33.68256738413807, "Elephant Gambit": 30.580388539805153, "Catalan Opening": 37.326625198194904, "Wade Defense": 36.069132388524025, "London System": 36.981292433937384, "Mexican Defense": 32.7603193477153, "Kadas Opening": 31.966289125277417, "Carr Defense": 32.51931330472103, "Danish Gambit Declined": 33.69188354653728, "Center Game Accepted": 27.484942886812046, "Petrov": 30.225219369515763, "Franco-Benoni Defense": 34.14928684627575, "Kangaroo Defense": 34.49647887323944, "Amazon Attack": 30.01539138082674, "Guatemala Defense": 36.06334519572954, "Latvian Gambit": 29.714000242218724, "Czech Defense": 35.824933687002655, "Duras Gambit": 30.68700410396717, "Lasker Simul Special": 34.748241313152846, "Queen's Gambit": 31.003985651654045, "King's Indian": 38.434756820877816, "Yusupov-Rubinstein System": 36.65240359218172, "Lion Defense": 35.2299522039299, "King's Pawn": 21.69898853674983, "Polish Defense": 33.08448007658251, "Gunderam Defense": 33.08198109214054, "Portuguese Opening": 31.019104876419505, "Bogo-Indian Defense": 37.30549285176825, "Valencia Opening": 34.412251033446076, "Barnes Opening": 28.908902691511386, "Benko Gambit": 35.12498800959233, "Semi-Benoni": 36.027584116398906, "Benko Gambit Declined": 36.03463855421687, "Hippopotamus Defense": 31.66655865197667, "Crab Opening": 30.064672594987872, "Creepy Crawly Formation": 33.05104712041885, "Lemming Defense": 28.504694835680752, "Irish Gambit": 23.39946737683089, "Scotch Gambit": 29.639447236180903, "Sodium Attack": 30.085691510561976, "Queen's Indian Accelerated": 35.60220994475138, "System": 35.090825688073394, "Rubinstein Opening": 35.78305963699222, "Zaire Defense": 32.23376623376623, "Australian Defense": 30.078189300411523, "Robatsch Defense": 35.466613672496024, "Montevideo Defense": 34.69986541049798, "Zukertort Defense": 30.9, "Tayler Opening": 31.87, "Bronstein Gambit": 34.437636761487965, "Semi-Slav Defense Accepted": 34.90366642703091, "Four Knights": 28.045454545454547, "English Orangutan": 35.136178861788615, "Blackmar-Diemer": 28.75656324582339, "Blumenfeld Countergambit Accepted": 32.4031007751938, "Vulture Defense": 37.925170068027214, "Doery Defense": 30.505102040816325, "Global Opening": 32.29504504504504, "Dresden Opening": 33.18181818181818, "Borg Opening": 32.213592233009706, "Formation": 32.857142857142854, "Boden-Kieseritzky Gambit": 29.789473684210527, "Norwegian Defense": 34.793103448275865, "Ruy Lopez Defense": 25.86842105263158, "Marienbad System": 38.674698795180724, "Venezolana Opening": 34.8125, "Amsterdam Attack": 32.76923076923077, "English Rat": 34.01282051282051, "Veresov Opening": 29.0, "Spanish Opening": 33.5, "Amar Gambit": 31.714285714285715, "Queen's Indian": 33.666666666666664, "English Openings": 18.0}